<?xml version="1.0" encoding="UTF-8"?>
<section name="Workbench">
	<section name="Search">
		<list key="Search.processedPageIds">
			<item value="org.eclipse.search.internal.ui.text.TextSearchPage"/>
			<item value="com.python.pydev.analysis.search_index.PySearchIndexPage"/>
		</list>
		<list key="Search.enabledPageIds">
			<item value="org.eclipse.search.internal.ui.text.TextSearchPage"/>
			<item value="com.python.pydev.analysis.search_index.PySearchIndexPage"/>
		</list>
	</section>
</section>
