<?xml version="1.0" encoding="UTF-8"?>
<section name="Workbench">
	<section name="NewWizardAction">
	</section>
	<section name="WorkbenchPreferenceDialog">
		<item key="DIALOG_X_ORIGIN" value="632"/>
		<item key="DIALOG_Y_ORIGIN" value="165"/>
		<item key="DIALOG_WIDTH" value="635"/>
		<item key="DIALOG_HEIGHT" value="568"/>
		<item key="DIALOG_FONT_NAME" value="1|Segoe UI|10.5|0|WINDOWS|1|-14|0|0|0|400|0|0|0|1|0|0|0|0|Segoe UI"/>
	</section>
	<section name="ImportExportAction">
		<item key="ImportExportPage.STORE_SELECTED_EXPORT_WIZARD_ID" value="org.eclipse.ui.wizards.export.Preferences"/>
		<list key="ImportExportPage.STORE_EXPANDED_EXPORT_CATEGORIES">
			<item value="org.eclipse.ui.Basic"/>
		</list>
	</section>
	<section name="PreferencesExportWizard">
		<item key="" value="d:\epf\sas.epf"/>
		<item key="WizardPreferencesExportPage1.STORE_OVERWRITE_EXISTING_FILES_ID" value="true"/>
		<item key="WizardPreferencesExportPage1.EXPORT_ALL_PREFERENCES_ID" value="true"/>
		<list key="WizardPreferencesExportPage1.STORE_DESTINATION_NAMES_ID">
			<item value="d:\epf\sas.epf"/>
		</list>
	</section>
</section>
