<?xml version="1.0" encoding="UTF-8"?>
<section name="Workbench">
	<section name="NewWizardAction">
		<item key="NewWizardSelectionPage.STORE_SELECTED_ID" value="com.wpl.workbench.ui.wixards.NewWorkbenchProjectWizard"/>
		<list key="NewWizardSelectionPage.STORE_EXPANDED_CATEGORIES_ID">
			<item value="org.eclipse.ui.Basic"/>
			<item value="com.wpc.wps.ui.wizards"/>
		</list>
	</section>
	<section name="SaveAsDialogSettings">
		<item key="DIALOG_X_ORIGIN" value="539"/>
		<item key="DIALOG_Y_ORIGIN" value="96"/>
		<item key="DIALOG_WIDTH" value="700"/>
		<item key="DIALOG_HEIGHT" value="621"/>
		<item key="DIALOG_FONT_NAME" value="1|Segoe UI|10.5|0|WINDOWS|1|-14|0|0|0|400|0|0|0|1|0|0|0|0|Segoe UI"/>
	</section>
	<section name="ChooseWorkspaceDialogSettings">
		<item key="DIALOG_X_ORIGIN" value="991"/>
		<item key="DIALOG_Y_ORIGIN" value="164"/>
	</section>
	<section name="WORKBENCH_SETTINGS">
		<list key="ENABLED_TRANSFERS">
		</list>
	</section>
</section>
