<?xml version="1.0" encoding="UTF-8"?>
<section name="Workbench">
	<section name="ShowViewDialog">
		<item key="DIALOG_X_ORIGIN" value="779"/>
		<item key="DIALOG_Y_ORIGIN" value="230"/>
		<item key="DIALOG_WIDTH" value="363"/>
		<item key="DIALOG_HEIGHT" value="465"/>
		<item key="DIALOG_FONT_NAME" value="1|Segoe UI|10.5|0|WINDOWS|1|-14|0|0|0|400|0|0|0|1|0|0|0|0|Segoe UI"/>
		<item key="ShowViewDialog.STORE_SELECTED_VIEW_ID" value="org.eclipse.ui.console.ConsoleView"/>
		<list key="ShowViewDialog.STORE_EXPANDED_CATEGORIES_ID">
			<item value="General"/>
			<item value="Debug"/>
			<item value="PyDev"/>
			<item value="SWT Tools"/>
		</list>
	</section>
</section>
