<?xml version="1.0" encoding="UTF-8" standalone="no"?>
<Connections default="Local Server">
    <Connection id="15219c4d-14f4-4165-b70b-1bbbfe2a2a25" intermediateFileLocation="C:\Users\Roger\AppData\Local\Temp\.workbenchIntermediateFiles" limitWorkingDatasetSize="false" maxWorkingDatasetSize="5" maxWorkingDatasetUnit="GB" name="Local" type="com.wpc.wps.connectionType.local" version="1.0">
        <RootDirs>
            <RootDir name="C:\" path="C:/"/>
            <RootDir name="D:\" path="D:/"/>
            <RootDir name="E:\" path="E:/"/>
            <RootDir name="F:\" path="F:/"/>
            <RootDir name="G:\" path="G:/"/>
            <RootDir name="I:\" path="I:/"/>
            <RootDir name="J:\" path="J:/"/>
            <RootDir name="K:\" path="K:/"/>
            <RootDir name="M:\" path="M:/"/>
            <RootDir name="N:\" path="N:/"/>
            <RootDir name="O:\" path="O:/"/>
            <RootDir name="Z:\" path="Z:/"/>
            <RootDir name="Home" path="C:/Users/Roger"/>
            <RootDir name="Workspace" path="D:/wpsa"/>
        </RootDirs>
        <CustomBlockLocations/>
        <Servers>
            <Server ChangeWorkingDirectoryOnSubmit="false" autostart="true" hasSetStartupOptions="true" id="1c904d11-699e-4c9f-942a-a249488b2fa6" initialDirectory="${workspace_loc}" name="Local Server" setLocale="false" version="1.0">
                <systemOption name="LOCALE" value="en_US"/>
                <systemOption name="BATCHWPDLOCKING" value="NOBATCHWPDLOCKING"/>
                <systemOption name="DTRESET" value="DTRESET"/>
            </Server>
        </Servers>
    </Connection>
</Connections>
